"filename", "language", "JavaScript", "JSON", "TypeScript", "Rust", "XML", "Markdown", "vue", "Shell Script", "C", "MS SQL", "Dotenv", "PostCSS", "comment", "blank", "total"
"/Users/user/Desktop/Struct/README.md", "Markdown", 0, 0, 0, 0, 0, 69, 0, 0, 0, 0, 0, 0, 0, 24, 93
"/Users/user/Desktop/Struct/STRUCT.svg", "XML", 0, 0, 0, 0, 1, 0, 0, 0, 0, 0, 0, 0, 0, 0, 1
"/Users/user/Desktop/Struct/dummy-device.js", "JavaScript", 7, 0, 0, 0, 0, 0, 0, 0, 0, 0, 0, 0, -7, -1, -1
"/Users/user/Desktop/Struct/ops/xdp/README.md", "Markdown", 0, 0, 0, 0, 0, 29, 0, 0, 0, 0, 0, 0, 0, 13, 42
"/Users/user/Desktop/Struct/ops/xdp/config.env", "Dotenv", 0, 0, 0, 0, 0, 0, 0, 0, 0, 0, 5, 0, 7, 6, 18
"/Users/user/Desktop/Struct/ops/xdp/load.sh", "Shell Script", 0, 0, 0, 0, 0, 0, 0, 42, 0, 0, 0, 0, 4, 11, 57
"/Users/user/Desktop/Struct/ops/xdp/struct_ingress_kern.c", "C", 0, 0, 0, 0, 0, 0, 0, 0, 86, 0, 0, 0, 21, 26, 133
"/Users/user/Desktop/Struct/ops/xdp/unload.sh", "Shell Script", 0, 0, 0, 0, 0, 0, 0, 12, 0, 0, 0, 0, 3, 5, 20
"/Users/user/Desktop/Struct/supabase/migrations/018_protocol_v2_security_billing.sql", "MS SQL", 0, 0, 0, 0, 0, 0, 0, 0, 0, 417, 0, 0, 7, 50, 474
"/Users/user/Desktop/Struct/tcp-server/auth.js", "JavaScript", 49, 0, 0, 0, 0, 0, 0, 0, 0, 0, 0, 0, 3, 8, 60
"/Users/user/Desktop/Struct/tcp-server/downlinks.js", "JavaScript", 31, 0, 0, 0, 0, 0, 0, 0, 0, 0, 0, 0, -11, 2, 22
"/Users/user/Desktop/Struct/tcp-server/ingest.js", "JavaScript", 242, 0, 0, 0, 0, 0, 0, 0, 0, 0, 0, 0, 21, 42, 305
"/Users/user/Desktop/Struct/tcp-server/native-parser/build.rs", "Rust", 0, 0, 0, 4, 0, 0, 0, 0, 0, 0, 0, 0, 0, 2, 6
"/Users/user/Desktop/Struct/tcp-server/native-parser/index.d.ts", "TypeScript", 0, 0, 3, 0, 0, 0, 0, 0, 0, 0, 0, 0, 3, 3, 9
"/Users/user/Desktop/Struct/tcp-server/native-parser/index.js", "JavaScript", 303, 0, 0, 0, 0, 0, 0, 0, 0, 0, 0, 0, 5, 10, 318
"/Users/user/Desktop/Struct/tcp-server/native-parser/package-lock.json", "JSON", 0, 35, 0, 0, 0, 0, 0, 0, 0, 0, 0, 0, 0, 1, 36
"/Users/user/Desktop/Struct/tcp-server/native-parser/package.json", "JSON", 0, 30, 0, 0, 0, 0, 0, 0, 0, 0, 0, 0, 0, 1, 31
"/Users/user/Desktop/Struct/tcp-server/native-parser/src/lib.rs", "Rust", 0, 0, 0, 200, 0, 0, 0, 0, 0, 0, 0, 0, 0, 24, 224
"/Users/user/Desktop/Struct/tcp-server/package.json", "JSON", 0, 4, 0, 0, 0, 0, 0, 0, 0, 0, 0, 0, 0, 0, 4
"/Users/user/Desktop/Struct/tcp-server/parser-native.js", "JavaScript", 77, 0, 0, 0, 0, 0, 0, 0, 0, 0, 0, 0, 7, 8, 92
"/Users/user/Desktop/Struct/tcp-server/parser.js", "JavaScript", 47, 0, 0, 0, 0, 0, 0, 0, 0, 0, 0, 0, 3, 2, 52
"/Users/user/Desktop/Struct/tcp-server/protocol.js", "JavaScript", 98, 0, 0, 0, 0, 0, 0, 0, 0, 0, 0, 0, 9, 13, 120
"/Users/user/Desktop/Struct/tcp-server/server.js", "JavaScript", -128, 0, 0, 0, 0, 0, 0, 0, 0, 0, 0, 0, -10, -25, -163
"/Users/user/Desktop/Struct/tcp-server/test-parser-parity.js", "JavaScript", 81, 0, 0, 0, 0, 0, 0, 0, 0, 0, 0, 0, 7, 8, 96
"/Users/user/Desktop/Struct/tcp-server/test-parser.js", "JavaScript", 49, 0, 0, 0, 0, 0, 0, 0, 0, 0, 0, 0, 1, 6, 56
"/Users/user/Desktop/Struct/tcp-server/test-protocol.js", "JavaScript", 42, 0, 0, 0, 0, 0, 0, 0, 0, 0, 0, 0, 0, 8, 50
"/Users/user/Desktop/Struct/tcp-server/test-udp.js", "JavaScript", 64, 0, 0, 0, 0, 0, 0, 0, 0, 0, 0, 0, 12, 10, 86
"/Users/user/Desktop/Struct/tcp-server/udp.js", "JavaScript", 97, 0, 0, 0, 0, 0, 0, 0, 0, 0, 0, 0, 17, 20, 134
"/Users/user/Desktop/Struct/web/app/assets/css/main.css", "PostCSS", 0, 0, 0, 0, 0, 0, 0, 0, 0, 0, 0, -7, 0, -1, -8
"/Users/user/Desktop/Struct/web/app/components/AppSidebar.vue", "vue", 0, 0, 0, 0, 0, 0, 28, 0, 0, 0, 0, 0, 0, 1, 29
"/Users/user/Desktop/Struct/web/app/components/DeviceCredentialsModal.vue", "vue", 0, 0, 0, 0, 0, 0, 128, 0, 0, 0, 0, 0, 0, 15, 143
"/Users/user/Desktop/Struct/web/app/components/LiveDebugger.vue", "vue", 0, 0, 0, 0, 0, 0, 15, 0, 0, 0, 0, 0, 0, 0, 15
"/Users/user/Desktop/Struct/web/app/components/SchemaBuilder.vue", "vue", 0, 0, 0, 0, 0, 0, 141, 0, 0, 0, 0, 0, 0, 7, 148
"/Users/user/Desktop/Struct/web/app/components/StructLogo.vue", "vue", 0, 0, 0, 0, 0, 0, 3, 0, 0, 0, 0, 0, 0, 2, 5
"/Users/user/Desktop/Struct/web/app/components/TelemetryChart.vue", "vue", 0, 0, 0, 0, 0, 0, 29, 0, 0, 0, 0, 0, 0, 2, 31
"/Users/user/Desktop/Struct/web/app/composables/useBilling.ts", "TypeScript", 0, 0, 2, 0, 0, 0, 0, 0, 0, 0, 0, 0, 0, 0, 2
"/Users/user/Desktop/Struct/web/app/composables/useBinaryParser.ts", "TypeScript", 0, 0, 82, 0, 0, 0, 0, 0, 0, 0, 0, 0, 0, 4, 86
"/Users/user/Desktop/Struct/web/app/composables/useCppHeader.ts", "TypeScript", 0, 0, 24, 0, 0, 0, 0, 0, 0, 0, 0, 0, 1, 4, 29
"/Users/user/Desktop/Struct/web/app/composables/useDevices.ts", "TypeScript", 0, 0, 5, 0, 0, 0, 0, 0, 0, 0, 0, 0, 0, 0, 5
"/Users/user/Desktop/Struct/web/app/composables/useOrganization.ts", "TypeScript", 0, 0, 22, 0, 0, 0, 0, 0, 0, 0, 0, 0, 0, 1, 23
"/Users/user/Desktop/Struct/web/app/layouts/auth.vue", "vue", 0, 0, 0, 0, 0, 0, -1, 0, 0, 0, 0, 0, 0, 0, -1
"/Users/user/Desktop/Struct/web/app/layouts/default.vue", "vue", 0, 0, 0, 0, 0, 0, 30, 0, 0, 0, 0, 0, 0, 1, 31
"/Users/user/Desktop/Struct/web/app/middleware/auth.global.ts", "TypeScript", 0, 0, -17, 0, 0, 0, 0, 0, 0, 0, 0, 0, -2, -5, -24
"/Users/user/Desktop/Struct/web/app/middleware/auth.ts", "TypeScript", 0, 0, 12, 0, 0, 0, 0, 0, 0, 0, 0, 0, 0, 3, 15
"/Users/user/Desktop/Struct/web/app/pages/confirm.vue", "vue", 0, 0, 0, 0, 0, 0, 7, 0, 0, 0, 0, 0, 0, 1, 8
"/Users/user/Desktop/Struct/web/app/pages/dashboard/audit-logs.vue", "vue", 0, 0, 0, 0, 0, 0, 1, 0, 0, 0, 0, 0, 0, 1, 2
"/Users/user/Desktop/Struct/web/app/pages/dashboard/debugger.vue", "vue", 0, 0, 0, 0, 0, 0, 1, 0, 0, 0, 0, 0, 0, 1, 2
"/Users/user/Desktop/Struct/web/app/pages/dashboard/destinations.vue", "vue", 0, 0, 0, 0, 0, 0, 1, 0, 0, 0, 0, 0, 0, 1, 2
"/Users/user/Desktop/Struct/web/app/pages/dashboard/devices.vue", "vue", 0, 0, 0, 0, 0, 0, 18, 0, 0, 0, 0, 0, 0, 3, 21
"/Users/user/Desktop/Struct/web/app/pages/dashboard/index.vue", "vue", 0, 0, 0, 0, 0, 0, 31, 0, 0, 0, 0, 0, 0, 3, 34
"/Users/user/Desktop/Struct/web/app/pages/dashboard/organization.vue", "vue", 0, 0, 0, 0, 0, 0, 1, 0, 0, 0, 0, 0, 0, 1, 2
"/Users/user/Desktop/Struct/web/app/pages/dashboard/schema.vue", "vue", 0, 0, 0, 0, 0, 0, 1, 0, 0, 0, 0, 0, 0, 1, 2
"/Users/user/Desktop/Struct/web/app/pages/dashboard/settings.vue", "vue", 0, 0, 0, 0, 0, 0, 93, 0, 0, 0, 0, 0, 0, 8, 101
"/Users/user/Desktop/Struct/web/app/pages/index.vue", "vue", 0, 0, 0, 0, 0, 0, 1160, 0, 0, 0, 0, 0, 5, 142, 1307
"/Users/user/Desktop/Struct/web/app/pages/login.vue", "vue", 0, 0, 0, 0, 0, 0, 60, 0, 0, 0, 0, 0, 0, 4, 64
"/Users/user/Desktop/Struct/web/app/types/index.ts", "TypeScript", 0, 0, 30, 0, 0, 0, 0, 0, 0, 0, 0, 0, 1, 7, 38
"/Users/user/Desktop/Struct/web/nuxt.config.ts", "TypeScript", 0, 0, 1, 0, 0, 0, 0, 0, 0, 0, 0, 0, 0, 0, 1
"/Users/user/Desktop/Struct/web/public/site.webmanifest", "JSON", 0, 1, 0, 0, 0, 0, 0, 0, 0, 0, 0, 0, 0, 0, 1
"/Users/user/Desktop/Struct/web/public/struct-logo-mini.svg", "XML", 0, 0, 0, 0, 1, 0, 0, 0, 0, 0, 0, 0, 0, 0, 1
"/Users/user/Desktop/Struct/web/server/api/billing/usage.get.ts", "TypeScript", 0, 0, 29, 0, 0, 0, 0, 0, 0, 0, 0, 0, 0, 4, 33
"/Users/user/Desktop/Struct/web/server/api/devices/[id].delete.ts", "TypeScript", 0, 0, -33, 0, 0, 0, 0, 0, 0, 0, 0, 0, 0, -7, -40
"/Users/user/Desktop/Struct/web/server/api/devices/[id]/key.post.ts", "TypeScript", 0, 0, 15, 0, 0, 0, 0, 0, 0, 0, 0, 0, 0, 0, 15
"/Users/user/Desktop/Struct/web/server/api/devices/bulk/index.post.ts", "TypeScript", 0, 0, -21, 0, 0, 0, 0, 0, 0, 0, 0, 0, 0, -1, -22
"/Users/user/Desktop/Struct/web/server/api/devices/bulk/preview.post.ts", "TypeScript", 0, 0, -3, 0, 0, 0, 0, 0, 0, 0, 0, 0, 0, 0, -3
"/Users/user/Desktop/Struct/web/server/api/devices/index.post.ts", "TypeScript", 0, 0, 2, 0, 0, 0, 0, 0, 0, 0, 0, 0, 0, 1, 3
"/Users/user/Desktop/Struct/web/server/api/stripe/portal.post.ts", "TypeScript", 0, 0, 9, 0, 0, 0, 0, 0, 0, 0, 0, 0, 2, 2, 13
"/Users/user/Desktop/Struct/web/server/api/stripe/webhook.post.ts", "TypeScript", 0, 0, 24, 0, 0, 0, 0, 0, 0, 0, 0, 0, 0, 3, 27
"/Users/user/Desktop/Struct/web/server/utils/deviceCapacity.test.ts", "TypeScript", 0, 0, -11, 0, 0, 0, 0, 0, 0, 0, 0, 0, -2, -2, -15
"/Users/user/Desktop/Struct/web/server/utils/deviceCapacity.ts", "TypeScript", 0, 0, -94, 0, 0, 0, 0, 0, 0, 0, 0, 0, 2, -11, -103
"/Users/user/Desktop/Struct/web/server/utils/deviceCredentials.ts", "TypeScript", 0, 0, 57, 0, 0, 0, 0, 0, 0, 0, 0, 0, 0, 10, 67
"/Users/user/Desktop/Struct/web/server/utils/portal.ts", "TypeScript", 0, 0, -6, 0, 0, 0, 0, 0, 0, 0, 0, 0, -1, 0, -7
"/Users/user/Desktop/Struct/web/server/utils/trueUpBilling.ts", "TypeScript", 0, 0, 121, 0, 0, 0, 0, 0, 0, 0, 0, 0, 0, 19, 140
"/Users/user/Desktop/Struct/web/server/utils/usagePeriods.ts", "TypeScript", 0, 0, 154, 0, 0, 0, 0, 0, 0, 0, 0, 0, 0, 18, 172
"/Users/user/Desktop/Struct/web/shared/flagsParser.test.ts", "TypeScript", 0, 0, 133, 0, 0, 0, 0, 0, 0, 0, 0, 0, 3, 12, 148
"Total", "-", 1059, 70, 540, 204, 2, 98, 1747, 54, 86, 417, 5, -7, 111, 532, 4918