"filename", "language", "C++", "JSON", "JavaScript", "XML", "TypeScript", "JSON with Comments", "Rust", "Markdown", "vue", "MS SQL", "Shell Script", "C", "Dotenv", "PostCSS", "comment", "blank", "total"
"/Users/user/Desktop/Struct/.agents/skills/stripe-best-practices/SKILL.md", "Markdown", 0, 0, 0, 0, 0, 0, 0, 36, 0, 0, 0, 0, 0, 0, 0, 13, 49
"/Users/user/Desktop/Struct/.agents/skills/stripe-best-practices/references/billing.md", "Markdown", 0, 0, 0, 0, 0, 0, 0, 41, 0, 0, 0, 0, 0, 0, 0, 18, 59
"/Users/user/Desktop/Struct/.agents/skills/stripe-best-practices/references/connect.md", "Markdown", 0, 0, 0, 0, 0, 0, 0, 113, 0, 0, 0, 0, 0, 0, 0, 61, 174
"/Users/user/Desktop/Struct/.agents/skills/stripe-best-practices/references/payments.md", "Markdown", 0, 0, 0, 0, 0, 0, 0, 50, 0, 0, 0, 0, 0, 0, 0, 30, 80
"/Users/user/Desktop/Struct/.agents/skills/stripe-best-practices/references/security.md", "Markdown", 0, 0, 0, 0, 0, 0, 0, 64, 0, 0, 0, 0, 0, 0, 0, 46, 110
"/Users/user/Desktop/Struct/.agents/skills/stripe-best-practices/references/tax.md", "Markdown", 0, 0, 0, 0, 0, 0, 0, 22, 0, 0, 0, 0, 0, 0, 0, 16, 38
"/Users/user/Desktop/Struct/.agents/skills/stripe-best-practices/references/treasury.md", "Markdown", 0, 0, 0, 0, 0, 0, 0, 9, 0, 0, 0, 0, 0, 0, 0, 8, 17
"/Users/user/Desktop/Struct/README.md", "Markdown", 0, 0, 0, 0, 0, 0, 0, 407, 0, 0, 0, 0, 0, 0, 0, 151, 558
"/Users/user/Desktop/Struct/STRUCT.svg", "XML", 0, 0, 0, 1, 0, 0, 0, 0, 0, 0, 0, 0, 0, 0, 0, 0, 1
"/Users/user/Desktop/Struct/dummy-device.js", "JavaScript", 0, 0, 137, 0, 0, 0, 0, 0, 0, 0, 0, 0, 0, 0, 6, 18, 161
"/Users/user/Desktop/Struct/hero shot.svg", "XML", 0, 0, 0, 1, 0, 0, 0, 0, 0, 0, 0, 0, 0, 0, 0, 0, 1
"/Users/user/Desktop/Struct/logo 5.svg", "XML", 0, 0, 0, 1, 0, 0, 0, 0, 0, 0, 0, 0, 0, 0, 0, 0, 1
"/Users/user/Desktop/Struct/ops/xdp/README.md", "Markdown", 0, 0, 0, 0, 0, 0, 0, 29, 0, 0, 0, 0, 0, 0, 0, 13, 42
"/Users/user/Desktop/Struct/ops/xdp/config.env", "Dotenv", 0, 0, 0, 0, 0, 0, 0, 0, 0, 0, 0, 0, 5, 0, 7, 6, 18
"/Users/user/Desktop/Struct/ops/xdp/load.sh", "Shell Script", 0, 0, 0, 0, 0, 0, 0, 0, 0, 0, 42, 0, 0, 0, 4, 11, 57
"/Users/user/Desktop/Struct/ops/xdp/struct_ingress_kern.c", "C", 0, 0, 0, 0, 0, 0, 0, 0, 0, 0, 0, 86, 0, 0, 21, 26, 133
"/Users/user/Desktop/Struct/ops/xdp/unload.sh", "Shell Script", 0, 0, 0, 0, 0, 0, 0, 0, 0, 0, 12, 0, 0, 0, 3, 5, 20
"/Users/user/Desktop/Struct/package-lock.json", "JSON", 0, 1407, 0, 0, 0, 0, 0, 0, 0, 0, 0, 0, 0, 0, 0, 1, 1408
"/Users/user/Desktop/Struct/package.json", "JSON", 0, 20, 0, 0, 0, 0, 0, 0, 0, 0, 0, 0, 0, 0, 0, 1, 21
"/Users/user/Desktop/Struct/skills-lock.json", "JSON", 0, 10, 0, 0, 0, 0, 0, 0, 0, 0, 0, 0, 0, 0, 0, 1, 11
"/Users/user/Desktop/Struct/struct logo 2.svg", "XML", 0, 0, 0, 1, 0, 0, 0, 0, 0, 0, 0, 0, 0, 0, 0, 0, 1
"/Users/user/Desktop/Struct/struct logo 4.svg", "XML", 0, 0, 0, 1, 0, 0, 0, 0, 0, 0, 0, 0, 0, 0, 0, 0, 1
"/Users/user/Desktop/Struct/supabase/migrations/001_init.sql", "MS SQL", 0, 0, 0, 0, 0, 0, 0, 0, 0, 113, 0, 0, 0, 0, 12, 23, 148
"/Users/user/Desktop/Struct/supabase/migrations/002_fix_devices_rls.sql", "MS SQL", 0, 0, 0, 0, 0, 0, 0, 0, 0, 70, 0, 0, 0, 0, 7, 15, 92
"/Users/user/Desktop/Struct/supabase/migrations/003_saas_features.sql", "MS SQL", 0, 0, 0, 0, 0, 0, 0, 0, 0, 79, 0, 0, 0, 0, 8, 23, 110
"/Users/user/Desktop/Struct/supabase/migrations/004_schema_versioning.sql", "MS SQL", 0, 0, 0, 0, 0, 0, 0, 0, 0, 66, 0, 0, 0, 0, 6, 13, 85
"/Users/user/Desktop/Struct/supabase/migrations/005_organizations_rbac.sql", "MS SQL", 0, 0, 0, 0, 0, 0, 0, 0, 0, 357, 0, 0, 0, 0, 26, 63, 446
"/Users/user/Desktop/Struct/supabase/migrations/006_org_member_rpcs.sql", "MS SQL", 0, 0, 0, 0, 0, 0, 0, 0, 0, 144, 0, 0, 0, 0, 3, 21, 168
"/Users/user/Desktop/Struct/supabase/migrations/007_fix_org_create_rls.sql", "MS SQL", 0, 0, 0, 0, 0, 0, 0, 0, 0, 39, 0, 0, 0, 0, 5, 9, 53
"/Users/user/Desktop/Struct/supabase/migrations/008_leave_organization.sql", "MS SQL", 0, 0, 0, 0, 0, 0, 0, 0, 0, 38, 0, 0, 0, 0, 2, 8, 48
"/Users/user/Desktop/Struct/supabase/migrations/009_remove_member_owner_only.sql", "MS SQL", 0, 0, 0, 0, 0, 0, 0, 0, 0, 44, 0, 0, 0, 0, 4, 7, 55
"/Users/user/Desktop/Struct/supabase/migrations/010_destination_routing_rules.sql", "MS SQL", 0, 0, 0, 0, 0, 0, 0, 0, 0, 4, 0, 0, 0, 0, 2, 2, 8
"/Users/user/Desktop/Struct/supabase/migrations/011_audit_logs.sql", "MS SQL", 0, 0, 0, 0, 0, 0, 0, 0, 0, 128, 0, 0, 0, 0, 6, 21, 155
"/Users/user/Desktop/Struct/supabase/migrations/012_stripe_billing.sql", "MS SQL", 0, 0, 0, 0, 0, 0, 0, 0, 0, 57, 0, 0, 0, 0, 3, 11, 71
"/Users/user/Desktop/Struct/supabase/migrations/013_rename_studio_to_scale.sql", "MS SQL", 0, 0, 0, 0, 0, 0, 0, 0, 0, 32, 0, 0, 0, 0, 1, 3, 36
"/Users/user/Desktop/Struct/supabase/migrations/014_subscription_entitlements.sql", "MS SQL", 0, 0, 0, 0, 0, 0, 0, 0, 0, 137, 0, 0, 0, 0, 3, 19, 159
"/Users/user/Desktop/Struct/supabase/migrations/015_telemetry_retention.sql", "MS SQL", 0, 0, 0, 0, 0, 0, 0, 0, 0, 65, 0, 0, 0, 0, 5, 10, 80
"/Users/user/Desktop/Struct/supabase/migrations/016_bulk_device_upload.sql", "MS SQL", 0, 0, 0, 0, 0, 0, 0, 0, 0, 195, 0, 0, 0, 0, 8, 27, 230
"/Users/user/Desktop/Struct/supabase/migrations/017_settings_webhook_security.sql", "MS SQL", 0, 0, 0, 0, 0, 0, 0, 0, 0, 25, 0, 0, 0, 0, 1, 8, 34
"/Users/user/Desktop/Struct/supabase/migrations/018_protocol_v2_security_billing.sql", "MS SQL", 0, 0, 0, 0, 0, 0, 0, 0, 0, 417, 0, 0, 0, 0, 7, 50, 474
"/Users/user/Desktop/Struct/tcp-server/auth.js", "JavaScript", 0, 0, 49, 0, 0, 0, 0, 0, 0, 0, 0, 0, 0, 0, 3, 8, 60
"/Users/user/Desktop/Struct/tcp-server/crypto.js", "JavaScript", 0, 0, 58, 0, 0, 0, 0, 0, 0, 0, 0, 0, 0, 0, 23, 11, 92
"/Users/user/Desktop/Struct/tcp-server/downlinks.js", "JavaScript", 0, 0, 85, 0, 0, 0, 0, 0, 0, 0, 0, 0, 0, 0, 3, 12, 100
"/Users/user/Desktop/Struct/tcp-server/ingest.js", "JavaScript", 0, 0, 242, 0, 0, 0, 0, 0, 0, 0, 0, 0, 0, 0, 21, 42, 305
"/Users/user/Desktop/Struct/tcp-server/native-parser/build.rs", "Rust", 0, 0, 0, 0, 0, 0, 4, 0, 0, 0, 0, 0, 0, 0, 0, 2, 6
"/Users/user/Desktop/Struct/tcp-server/native-parser/index.d.ts", "TypeScript", 0, 0, 0, 0, 3, 0, 0, 0, 0, 0, 0, 0, 0, 0, 3, 3, 9
"/Users/user/Desktop/Struct/tcp-server/native-parser/index.js", "JavaScript", 0, 0, 303, 0, 0, 0, 0, 0, 0, 0, 0, 0, 0, 0, 5, 10, 318
"/Users/user/Desktop/Struct/tcp-server/native-parser/package-lock.json", "JSON", 0, 35, 0, 0, 0, 0, 0, 0, 0, 0, 0, 0, 0, 0, 0, 1, 36
"/Users/user/Desktop/Struct/tcp-server/native-parser/package.json", "JSON", 0, 30, 0, 0, 0, 0, 0, 0, 0, 0, 0, 0, 0, 0, 0, 1, 31
"/Users/user/Desktop/Struct/tcp-server/native-parser/src/lib.rs", "Rust", 0, 0, 0, 0, 0, 0, 200, 0, 0, 0, 0, 0, 0, 0, 0, 24, 224
"/Users/user/Desktop/Struct/tcp-server/package-lock.json", "JSON", 0, 505, 0, 0, 0, 0, 0, 0, 0, 0, 0, 0, 0, 0, 0, 1, 506
"/Users/user/Desktop/Struct/tcp-server/package.json", "JSON", 0, 25, 0, 0, 0, 0, 0, 0, 0, 0, 0, 0, 0, 0, 0, 1, 26
"/Users/user/Desktop/Struct/tcp-server/parser-native.js", "JavaScript", 0, 0, 77, 0, 0, 0, 0, 0, 0, 0, 0, 0, 0, 0, 7, 8, 92
"/Users/user/Desktop/Struct/tcp-server/parser.js", "JavaScript", 0, 0, 138, 0, 0, 0, 0, 0, 0, 0, 0, 0, 0, 0, 15, 18, 171
"/Users/user/Desktop/Struct/tcp-server/protocol.js", "JavaScript", 0, 0, 98, 0, 0, 0, 0, 0, 0, 0, 0, 0, 0, 0, 9, 13, 120
"/Users/user/Desktop/Struct/tcp-server/rateLimit.js", "JavaScript", 0, 0, 80, 0, 0, 0, 0, 0, 0, 0, 0, 0, 0, 0, 23, 17, 120
"/Users/user/Desktop/Struct/tcp-server/replay.js", "JavaScript", 0, 0, 54, 0, 0, 0, 0, 0, 0, 0, 0, 0, 0, 0, 30, 14, 98
"/Users/user/Desktop/Struct/tcp-server/server.js", "JavaScript", 0, 0, 183, 0, 0, 0, 0, 0, 0, 0, 0, 0, 0, 0, 15, 29, 227
"/Users/user/Desktop/Struct/tcp-server/test-crypto.js", "JavaScript", 0, 0, 24, 0, 0, 0, 0, 0, 0, 0, 0, 0, 0, 0, 4, 8, 36
"/Users/user/Desktop/Struct/tcp-server/test-parser-parity.js", "JavaScript", 0, 0, 81, 0, 0, 0, 0, 0, 0, 0, 0, 0, 0, 0, 7, 8, 96
"/Users/user/Desktop/Struct/tcp-server/test-parser.js", "JavaScript", 0, 0, 66, 0, 0, 0, 0, 0, 0, 0, 0, 0, 0, 0, 6, 13, 85
"/Users/user/Desktop/Struct/tcp-server/test-protocol.js", "JavaScript", 0, 0, 42, 0, 0, 0, 0, 0, 0, 0, 0, 0, 0, 0, 0, 8, 50
"/Users/user/Desktop/Struct/tcp-server/test-rateLimit.js", "JavaScript", 0, 0, 30, 0, 0, 0, 0, 0, 0, 0, 0, 0, 0, 0, 4, 10, 44
"/Users/user/Desktop/Struct/tcp-server/test-replay.js", "JavaScript", 0, 0, 28, 0, 0, 0, 0, 0, 0, 0, 0, 0, 0, 0, 4, 9, 41
"/Users/user/Desktop/Struct/tcp-server/test-udp.js", "JavaScript", 0, 0, 64, 0, 0, 0, 0, 0, 0, 0, 0, 0, 0, 0, 12, 10, 86
"/Users/user/Desktop/Struct/tcp-server/test-webhooks.js", "JavaScript", 0, 0, 43, 0, 0, 0, 0, 0, 0, 0, 0, 0, 0, 0, 4, 5, 52
"/Users/user/Desktop/Struct/tcp-server/udp.js", "JavaScript", 0, 0, 97, 0, 0, 0, 0, 0, 0, 0, 0, 0, 0, 0, 17, 20, 134
"/Users/user/Desktop/Struct/tcp-server/webhooks.js", "JavaScript", 0, 0, 159, 0, 0, 0, 0, 0, 0, 0, 0, 0, 0, 0, 17, 20, 196
"/Users/user/Desktop/Struct/test_device.cpp", "C++", 103, 0, 0, 0, 0, 0, 0, 0, 0, 0, 0, 0, 0, 0, 38, 26, 167
"/Users/user/Desktop/Struct/web/README.md", "Markdown", 0, 0, 0, 0, 0, 0, 0, 29, 0, 0, 0, 0, 0, 0, 0, 11, 40
"/Users/user/Desktop/Struct/web/app/app.vue", "vue", 0, 0, 0, 0, 0, 0, 0, 0, 5, 0, 0, 0, 0, 0, 0, 1, 6
"/Users/user/Desktop/Struct/web/app/assets/css/main.css", "PostCSS", 0, 0, 0, 0, 0, 0, 0, 0, 0, 0, 0, 0, 0, 61, 1, 12, 74
"/Users/user/Desktop/Struct/web/app/components/AppSidebar.vue", "vue", 0, 0, 0, 0, 0, 0, 0, 0, 101, 0, 0, 0, 0, 0, 0, 9, 110
"/Users/user/Desktop/Struct/web/app/components/BulkDeviceUpload.vue", "vue", 0, 0, 0, 0, 0, 0, 0, 0, 258, 0, 0, 0, 0, 0, 0, 20, 278
"/Users/user/Desktop/Struct/web/app/components/DeviceCredentialsModal.vue", "vue", 0, 0, 0, 0, 0, 0, 0, 0, 128, 0, 0, 0, 0, 0, 0, 15, 143
"/Users/user/Desktop/Struct/web/app/components/DeviceList.vue", "vue", 0, 0, 0, 0, 0, 0, 0, 0, 46, 0, 0, 0, 0, 0, 0, 8, 54
"/Users/user/Desktop/Struct/web/app/components/LiveDebugger.vue", "vue", 0, 0, 0, 0, 0, 0, 0, 0, 138, 0, 0, 0, 0, 0, 0, 18, 156
"/Users/user/Desktop/Struct/web/app/components/SchemaBuilder.vue", "vue", 0, 0, 0, 0, 0, 0, 0, 0, 524, 0, 0, 0, 0, 0, 1, 49, 574
"/Users/user/Desktop/Struct/web/app/components/StatusDot.vue", "vue", 0, 0, 0, 0, 0, 0, 0, 0, 10, 0, 0, 0, 0, 0, 0, 2, 12
"/Users/user/Desktop/Struct/web/app/components/StructLogo.vue", "vue", 0, 0, 0, 0, 0, 0, 0, 0, 36, 0, 0, 0, 0, 0, 0, 7, 43
"/Users/user/Desktop/Struct/web/app/components/TelemetryChart.vue", "vue", 0, 0, 0, 0, 0, 0, 0, 0, 138, 0, 0, 0, 0, 0, 0, 15, 153
"/Users/user/Desktop/Struct/web/app/composables/useAuditLogs.ts", "TypeScript", 0, 0, 0, 0, 42, 0, 0, 0, 0, 0, 0, 0, 0, 0, 0, 9, 51
"/Users/user/Desktop/Struct/web/app/composables/useBilling.ts", "TypeScript", 0, 0, 0, 0, 111, 0, 0, 0, 0, 0, 0, 0, 0, 0, 1, 13, 125
"/Users/user/Desktop/Struct/web/app/composables/useBinaryParser.ts", "TypeScript", 0, 0, 0, 0, 173, 0, 0, 0, 0, 0, 0, 0, 0, 0, 0, 18, 191
"/Users/user/Desktop/Struct/web/app/composables/useCppHeader.ts", "TypeScript", 0, 0, 0, 0, 142, 0, 0, 0, 0, 0, 0, 0, 0, 0, 4, 16, 162
"/Users/user/Desktop/Struct/web/app/composables/useDestinations.ts", "TypeScript", 0, 0, 0, 0, 134, 0, 0, 0, 0, 0, 0, 0, 0, 0, 0, 19, 153
"/Users/user/Desktop/Struct/web/app/composables/useDevices.ts", "TypeScript", 0, 0, 0, 0, 431, 0, 0, 0, 0, 0, 0, 0, 0, 0, 0, 58, 489
"/Users/user/Desktop/Struct/web/app/composables/useDownlinks.ts", "TypeScript", 0, 0, 0, 0, 109, 0, 0, 0, 0, 0, 0, 0, 0, 0, 11, 18, 138
"/Users/user/Desktop/Struct/web/app/composables/useEntitlements.ts", "TypeScript", 0, 0, 0, 0, 51, 0, 0, 0, 0, 0, 0, 0, 0, 0, 0, 10, 61
"/Users/user/Desktop/Struct/web/app/composables/useOrganization.ts", "TypeScript", 0, 0, 0, 0, 349, 0, 0, 0, 0, 0, 0, 0, 0, 0, 12, 51, 412
"/Users/user/Desktop/Struct/web/app/composables/useTelemetry.ts", "TypeScript", 0, 0, 0, 0, 54, 0, 0, 0, 0, 0, 0, 0, 0, 0, 0, 9, 63
"/Users/user/Desktop/Struct/web/app/layouts/auth.vue", "vue", 0, 0, 0, 0, 0, 0, 0, 0, 12, 0, 0, 0, 0, 0, 0, 1, 13
"/Users/user/Desktop/Struct/web/app/layouts/default.vue", "vue", 0, 0, 0, 0, 0, 0, 0, 0, 198, 0, 0, 0, 0, 0, 0, 14, 212
"/Users/user/Desktop/Struct/web/app/middleware/auth.ts", "TypeScript", 0, 0, 0, 0, 12, 0, 0, 0, 0, 0, 0, 0, 0, 0, 0, 3, 15
"/Users/user/Desktop/Struct/web/app/pages/confirm.vue", "vue", 0, 0, 0, 0, 0, 0, 0, 0, 18, 0, 0, 0, 0, 0, 0, 4, 22
"/Users/user/Desktop/Struct/web/app/pages/dashboard/audit-logs.vue", "vue", 0, 0, 0, 0, 0, 0, 0, 0, 107, 0, 0, 0, 0, 0, 0, 18, 125
"/Users/user/Desktop/Struct/web/app/pages/dashboard/debugger.vue", "vue", 0, 0, 0, 0, 0, 0, 0, 0, 10, 0, 0, 0, 0, 0, 0, 3, 13
"/Users/user/Desktop/Struct/web/app/pages/dashboard/destinations.vue", "vue", 0, 0, 0, 0, 0, 0, 0, 0, 353, 0, 0, 0, 0, 0, 0, 24, 377
"/Users/user/Desktop/Struct/web/app/pages/dashboard/devices.vue", "vue", 0, 0, 0, 0, 0, 0, 0, 0, 354, 0, 0, 0, 0, 0, 2, 31, 387
"/Users/user/Desktop/Struct/web/app/pages/dashboard/index.vue", "vue", 0, 0, 0, 0, 0, 0, 0, 0, 114, 0, 0, 0, 0, 0, 0, 15, 129
"/Users/user/Desktop/Struct/web/app/pages/dashboard/organization.vue", "vue", 0, 0, 0, 0, 0, 0, 0, 0, 351, 0, 0, 0, 0, 0, 5, 28, 384
"/Users/user/Desktop/Struct/web/app/pages/dashboard/schema.vue", "vue", 0, 0, 0, 0, 0, 0, 0, 0, 30, 0, 0, 0, 0, 0, 0, 5, 35
"/Users/user/Desktop/Struct/web/app/pages/dashboard/settings.vue", "vue", 0, 0, 0, 0, 0, 0, 0, 0, 607, 0, 0, 0, 0, 0, 4, 45, 656
"/Users/user/Desktop/Struct/web/app/pages/index.vue", "vue", 0, 0, 0, 0, 0, 0, 0, 0, 1944, 0, 0, 0, 0, 0, 13, 217, 2174
"/Users/user/Desktop/Struct/web/app/pages/login.vue", "vue", 0, 0, 0, 0, 0, 0, 0, 0, 173, 0, 0, 0, 0, 0, 0, 15, 188
"/Users/user/Desktop/Struct/web/app/pages/signup.vue", "vue", 0, 0, 0, 0, 0, 0, 0, 0, 95, 0, 0, 0, 0, 0, 0, 9, 104
"/Users/user/Desktop/Struct/web/app/types/database.types.ts", "TypeScript", 0, 0, 0, 0, 384, 0, 0, 0, 0, 0, 0, 0, 0, 0, 0, 3, 387
"/Users/user/Desktop/Struct/web/app/types/index.ts", "TypeScript", 0, 0, 0, 0, 180, 0, 0, 0, 0, 0, 0, 0, 0, 0, 4, 32, 216
"/Users/user/Desktop/Struct/web/app/utils/parseBulkUpload.ts", "TypeScript", 0, 0, 0, 0, 118, 0, 0, 0, 0, 0, 0, 0, 0, 0, 0, 15, 133
"/Users/user/Desktop/Struct/web/nuxt.config.ts", "TypeScript", 0, 0, 0, 0, 65, 0, 0, 0, 0, 0, 0, 0, 0, 0, 1, 11, 77
"/Users/user/Desktop/Struct/web/package-lock.json", "JSON", 0, 12825, 0, 0, 0, 0, 0, 0, 0, 0, 0, 0, 0, 0, 0, 1, 12826
"/Users/user/Desktop/Struct/web/package.json", "JSON", 0, 32, 0, 0, 0, 0, 0, 0, 0, 0, 0, 0, 0, 0, 0, 1, 33
"/Users/user/Desktop/Struct/web/public/hero-shot.svg", "XML", 0, 0, 0, 1, 0, 0, 0, 0, 0, 0, 0, 0, 0, 0, 0, 0, 1
"/Users/user/Desktop/Struct/web/public/site.webmanifest", "JSON", 0, 1, 0, 0, 0, 0, 0, 0, 0, 0, 0, 0, 0, 0, 0, 0, 1
"/Users/user/Desktop/Struct/web/public/struct-logo-mini.svg", "XML", 0, 0, 0, 1, 0, 0, 0, 0, 0, 0, 0, 0, 0, 0, 0, 0, 1
"/Users/user/Desktop/Struct/web/public/struct-logo.svg", "XML", 0, 0, 0, 1, 0, 0, 0, 0, 0, 0, 0, 0, 0, 0, 0, 0, 1
"/Users/user/Desktop/Struct/web/server/api/billing/usage.get.ts", "TypeScript", 0, 0, 0, 0, 29, 0, 0, 0, 0, 0, 0, 0, 0, 0, 0, 4, 33
"/Users/user/Desktop/Struct/web/server/api/devices/[id].delete.ts", "TypeScript", 0, 0, 0, 0, 33, 0, 0, 0, 0, 0, 0, 0, 0, 0, 0, 9, 42
"/Users/user/Desktop/Struct/web/server/api/devices/[id]/key.post.ts", "TypeScript", 0, 0, 0, 0, 43, 0, 0, 0, 0, 0, 0, 0, 0, 0, 0, 7, 50
"/Users/user/Desktop/Struct/web/server/api/devices/bulk/index.post.ts", "TypeScript", 0, 0, 0, 0, 175, 0, 0, 0, 0, 0, 0, 0, 0, 0, 0, 29, 204
"/Users/user/Desktop/Struct/web/server/api/devices/bulk/preview.post.ts", "TypeScript", 0, 0, 0, 0, 78, 0, 0, 0, 0, 0, 0, 0, 0, 0, 0, 9, 87
"/Users/user/Desktop/Struct/web/server/api/devices/index.post.ts", "TypeScript", 0, 0, 0, 0, 71, 0, 0, 0, 0, 0, 0, 0, 0, 0, 0, 13, 84
"/Users/user/Desktop/Struct/web/server/api/stripe/checkout.post.ts", "TypeScript", 0, 0, 0, 0, 169, 0, 0, 0, 0, 0, 0, 0, 0, 0, 6, 20, 195
"/Users/user/Desktop/Struct/web/server/api/stripe/portal.post.ts", "TypeScript", 0, 0, 0, 0, 78, 0, 0, 0, 0, 0, 0, 0, 0, 0, 3, 13, 94
"/Users/user/Desktop/Struct/web/server/api/stripe/sync-checkout.post.ts", "TypeScript", 0, 0, 0, 0, 101, 0, 0, 0, 0, 0, 0, 0, 0, 0, 1, 19, 121
"/Users/user/Desktop/Struct/web/server/api/stripe/sync.post.ts", "TypeScript", 0, 0, 0, 0, 81, 0, 0, 0, 0, 0, 0, 0, 0, 0, 7, 13, 101
"/Users/user/Desktop/Struct/web/server/api/stripe/webhook.post.ts", "TypeScript", 0, 0, 0, 0, 183, 0, 0, 0, 0, 0, 0, 0, 0, 0, 2, 27, 212
"/Users/user/Desktop/Struct/web/server/utils/auth.ts", "TypeScript", 0, 0, 0, 0, 28, 0, 0, 0, 0, 0, 0, 0, 0, 0, 0, 7, 35
"/Users/user/Desktop/Struct/web/server/utils/billing.ts", "TypeScript", 0, 0, 0, 0, 43, 0, 0, 0, 0, 0, 0, 0, 0, 0, 2, 9, 54
"/Users/user/Desktop/Struct/web/server/utils/bulkDevices.ts", "TypeScript", 0, 0, 0, 0, 95, 0, 0, 0, 0, 0, 0, 0, 0, 0, 0, 13, 108
"/Users/user/Desktop/Struct/web/server/utils/deviceCapacity.test.ts", "TypeScript", 0, 0, 0, 0, 40, 0, 0, 0, 0, 0, 0, 0, 0, 0, 0, 4, 44
"/Users/user/Desktop/Struct/web/server/utils/deviceCapacity.ts", "TypeScript", 0, 0, 0, 0, 65, 0, 0, 0, 0, 0, 0, 0, 0, 0, 3, 10, 78
"/Users/user/Desktop/Struct/web/server/utils/deviceCredentials.ts", "TypeScript", 0, 0, 0, 0, 57, 0, 0, 0, 0, 0, 0, 0, 0, 0, 0, 10, 67
"/Users/user/Desktop/Struct/web/server/utils/organizations.ts", "TypeScript", 0, 0, 0, 0, 34, 0, 0, 0, 0, 0, 0, 0, 0, 0, 0, 7, 41
"/Users/user/Desktop/Struct/web/server/utils/portal.ts", "TypeScript", 0, 0, 0, 0, 61, 0, 0, 0, 0, 0, 0, 0, 0, 0, 3, 10, 74
"/Users/user/Desktop/Struct/web/server/utils/stripe.ts", "TypeScript", 0, 0, 0, 0, 11, 0, 0, 0, 0, 0, 0, 0, 0, 0, 0, 3, 14
"/Users/user/Desktop/Struct/web/server/utils/syncStripeSubscription.ts", "TypeScript", 0, 0, 0, 0, 110, 0, 0, 0, 0, 0, 0, 0, 0, 0, 9, 16, 135
"/Users/user/Desktop/Struct/web/server/utils/trueUpBilling.ts", "TypeScript", 0, 0, 0, 0, 121, 0, 0, 0, 0, 0, 0, 0, 0, 0, 0, 19, 140
"/Users/user/Desktop/Struct/web/server/utils/usagePeriods.ts", "TypeScript", 0, 0, 0, 0, 154, 0, 0, 0, 0, 0, 0, 0, 0, 0, 0, 18, 172
"/Users/user/Desktop/Struct/web/shared/bulkUpload.test.ts", "TypeScript", 0, 0, 0, 0, 122, 0, 0, 0, 0, 0, 0, 0, 0, 0, 0, 13, 135
"/Users/user/Desktop/Struct/web/shared/bulkUpload.ts", "TypeScript", 0, 0, 0, 0, 264, 0, 0, 0, 0, 0, 0, 0, 0, 0, 1, 41, 306
"/Users/user/Desktop/Struct/web/shared/flagsParser.test.ts", "TypeScript", 0, 0, 0, 0, 133, 0, 0, 0, 0, 0, 0, 0, 0, 0, 3, 12, 148
"/Users/user/Desktop/Struct/web/tailwind.config.ts", "TypeScript", 0, 0, 0, 0, 28, 0, 0, 0, 0, 0, 0, 0, 0, 0, 0, 2, 30
"/Users/user/Desktop/Struct/web/tsconfig.json", "JSON with Comments", 0, 0, 0, 0, 0, 17, 0, 0, 0, 0, 0, 0, 0, 0, 1, 1, 19
"/Users/user/Desktop/Struct/web/vitest.config.ts", "TypeScript", 0, 0, 0, 0, 13, 0, 0, 0, 0, 0, 0, 0, 0, 0, 0, 2, 15
"Total", "-", 103, 14890, 2138, 8, 4778, 17, 204, 800, 5750, 2010, 54, 86, 5, 61, 520, 2353, 33777